
use srv;


INSERT INTO `srv`.`servidor` (`matricula_siape`, `nome`, `senha`, `email`, `perfil`, 
`sexo`, `data_nascimento`, `cpf`, `rg`, `orgao_expedidor`,
`naturalidade`, `estado`, `nacionalidade`, `estado_civil`, `telefone1`,`telefone2`,
`motorista`, `cnh`, `status_serv`, `informacoes`)
VALUES 
 ('1234567', 'admin', '123456', 'admin1@gmail.com', '1',
 'f', '2010/10/09','123.456.789-00', '0123456789', 'ssp/rs',
 'porto alegre', 'rs', 'brasileiro', 'cas', '(51) 2324-2324', '(43) 3434-3434',
 '1', '12345678911', '1', 'teste admin'),
 ('0000000', 'servidor0', '123456', 'serv0@restinga.ifrs.edu.br', '0',
 'f', '1980/10/04', '000.000.000-00', '0000000000', 'stj/rs',
 'alvorada', 'rs', 'brasileiro', 'sol', '(00)0000-0000', '(00)0000-0001',
'1', '00000000000', '1', 'teste servidor 0'),
 ('1111111', 'servidor1', '123456', 'serv1@restinga.ifrs.edu.br', '0',
 'f', '1985/10/04', '111.111.111-11', '1111111111', 'stj/rs',
 'nova friburgo', 'rj', 'brasileiro', 'sep', '(01)00000-1111', '(01)1111-1111',
 '1', '11111111111', '1', 'teste servidor 1'),
 ('2222222', 'servidor2', '123456', 'serv2@restinga.ifrs.edu.br', '0',
 'f', '1985/10/04', '222.222.222-22', '2222222222', 'stj/rs',
 'campinas', 'sp', 'brasileiro', 'cas', '(02)0000-2222', '(02)2222-2222',
 '1', '22222222222', '1', 'teste servidor 2'),
 ('3333333', 'servidor3', '123456', 'serv3@restinga.ifrs.edu.br', '0',
 'f', '1985/10/04', '333.333.333-33', '3333333333', 'stj/rs',
 'belém', 'pa', 'brasileiro', 'sol', '(03)0000-3333', '(03)3333-3333',
 '1', '33333333333', '1', 'teste servidor 3'),
 ('4444444', 'servidor4', '123456', 'serv4@restinga.ifrs.edu.br', '0',
 'm', '1985/10/04', '444.444.444-44', '4444444444', 'stj/rs',
 'recife', 'pe', 'brasileiro', 'sep', '(04)0000-4444', '(04)4444-4444',
 '1', '44444444444', '1', 'teste servidor 4'),
 ('5555555', 'servidor5', '123456', 'serv5@restinga.ifrs.edu.br', '0',
 'm', '1985/10/04', '555.555.555-55', '5555555555', 'stj/rs',
 'viamão', 'rs', 'brasileiro', 'cas', '(05)0000-5555', '(05)5555-5555',
 '1', '55555555555', '1', 'teste servidor 5'),
 ('6666666', 'servidor6', '123456', 'serv6@restinga.ifrs.edu.br', '0',
 'm', '1985/10/04', '666.666.666-66', '6666666666', 'stj/rs',
 'canoas', 'rs', 'brasileiro', 'sep', '(06)0000-6666', '(06)6666-6666',
 '0', null, '1', 'teste servidor 6'),
 ('7777777', 'servidor7', '123456', 'serv7@restinga.ifrs.edu.br', '0',
 'm', '1985/10/04', '777.777.777-77', '7777777777', 'stj/rs',
 'criciúma', 'sc', 'brasileiro', 'cas', '(07)0000-7777', '(07)7777-7777',
 '0', null, '1', 'teste servidor 7'),
 ('8888888', 'servidor8', '123456', 'serv8@restinga.ifrs.edu.br', '0',
 'm', '1985/10/04', '888.888.888-88', '8888888888', 'stj/rs',
 'charqueadas', 'rs', 'brasileiro', 'sep', '(08)0000-8888', '(08)8888-8888',
 '0', null, '1', 'teste servidor 8'),
('9999999', 'servidor9', '123456', 'serv9@restinga.ifrs.edu.br', '0',
 'm', '1985/10/04', '99.999.999-99', '9999999999', 'stj/rs',
 'são bernardo', 'sp', 'brasileiro', 'sol', '(09)0000-9999', '(09)9999-9999',
 '1', '99999999999', '0', 'teste servidor 8');
 
INSERT INTO `srv`.`veiculo` (`placa`, `ano`, `marca`, `modelo`, `combustivel`, `renavam`, `capacidade`) 
VALUES
('CAR-0000', '2000', 'ford', 'escort 1.8', 'g', '00000000000', '5'),
('CAR-1111', '2011', 'fiat', 'siena 1.0', 'a', '11111111111', '5'),
('CAR-2222', '2012', 'fiat', 'uno 1.6', 'c', '22222222222', '5'),
('CAR-3333', '2013', 'gm', 'corsa sedan', 'n','33333333333', '5'),
('CAR-4444', '2014', 'honda', 'civic', 'f','44444444444', '5'),
('CAR-5555', '2015', 'toyota', 'corolla', 'g','55555555555', '5'),
('CAR-6666', '2010', 'fiat', 'palio', 'a','66666666666', '5'),
('CAR-7777', '2009', 'honda', 'fit', 'c','77777777777', '5'),
('CAR-8888', '2008', 'volkswagen', 'gol', 'n','88888888888', '5'),
('CAR-9999', '2007', 'ford', 'fiesta 1.0', 'f','99999999999', '5'),
('CAR-0001', '2006', 'ford', 'fiesta sedan 1.6', 'g','01010101010', '5');

INSERT INTO destino 
values 
	  (null, "Outro Destino")
	, (null, "IFRS Campus Porto Alegre")
	, (null, "IFRS Campus Bento Gonçalves")
	, (null, "IFRS Campus Rio Grande")
	, (null, "IFRS Reitoria")
  , (null, "Em Manutenção");

INSERT INTO `srv`.`reserva` (`id_reserva`, `matricula_siape`, `data_saida`, `data_retorno`, `placa`, 
`condutor`, `matricula_siape_condutor`, `ocupantes`, `id_destino`, `descricao_destino`, `reserva_datetime`) 
VALUES 
('1406116062', '1234567', '2015-06-30 13:00:00', '2015-06-30 18:00:00', 'CAR-0001', 
'1', '1234567', '2', '2', null, '2015-03-20 10:01:00'),
('1406000202', '0000000', '2015-06-30 13:00:00', '2015-06-30 18:00:00', 'CAR-0000', 
'1', '0000000', '1', '3', null, '2015-03-20 10:04:00'),
('1406000424', '1111111', '2015-06-30 13:00:00', '2015-06-30 18:00:00', 'CAR-1111', 
'1', '1111111', '2', '3', null, '2015-03-20 10:07:00'),
('1406000448', '2222222', '2015-06-30 13:00:00', '2015-06-30 18:00:00', 'CAR-2222', 
'1', '2222222', '2', '5', null, '2015-03-20 10:08:00'),
('1406000536', '3333333', '2015-06-30 13:00:00', '2015-06-30 18:00:00', 'CAR-3333', 
'1', '3333333', '1', '3', null, '2015-03-20 10:09:00'),
('1406000556', '4444444', '2015-06-30 13:00:00', '2015-06-30 18:00:00', 'CAR-4444', 
'1', '4444444', '1', '3', null, '2015-03-20 10:10:00'),
('1406000629', '5555555', '2015-06-30 13:00:00', '2015-06-30 18:00:00', 'CAR-5555', 
'1', '5555555', '1', '1', 'casa da sopa','2015-03-20 10:11:00'),
('1406000024', '1234567', '2015-07-20 13:00:00', '2015-07-21 18:30:00', 'CAR-0001', 
'0', '5555555', '1', '5', null, '2015-03-20 10:02:00'),
('1406000230', '0000000', '2015-07-20 13:00:00', '2015-07-21 18:30:00', 'CAR-0000', 
'0', '4444444', '1', '4', null, '2015-03-20 10:05:00'),
('1406000646', '6666666', '2015-07-20 13:00:00', '2015-06-30 18:30:00', 'CAR-6666', 
'0', '1111111', '1', '4', null, '2015-03-20 10:12:00'),
('1406113215', '7777777', '2015-07-20 13:00:00', '2015-07-21 18:30:00', 'CAR-7777', 
'0', '2222222', '1', '2', null, '2015-03-20 10:15:00'),
('1406115851', '8888888', '2015-07-20 13:00:00', '2015-07-21 18:30:00', 'CAR-8888', 
'0', '3333333', '2', '3', null, '2015-03-20 10:17:00'),
('1406116061', '9999999', '2015-07-20 13:00:00', '2015-07-21 18:30:00', 'CAR-9999', 
'0', '0000000', '1', '3', null, '2015-03-20 10:19:00'),
('1406000115', '1234567', '2015-08-10 13:30:00', '2015-08-10 17:30:00', 'CAR-0001', 
'1', '1234567', '1', '5', null, '2015-03-20 10:03:00'),
('1406000250', '0000000', '2015-08-10 13:30:00', '2015-08-10 17:30:00', 'CAR-0000', 
'1', '0000000', '1', '3', null, '2015-03-20 10:06:00'),
('1406000706', '6666666', '2015-08-10 13:30:00', '2015-08-10 17:30:00', 'CAR-6666', 
'0', '1111111', '1', '4', null, '2015-03-20 10:13:00'),
('1406000748', '7777777', '2015-08-10 13:30:00', '2015-06-30 17:30:00', 'CAR-7777', 
'0', '2222222', '1', '2', null, '2015-03-20 10:14:00'),
('1406115716', '8888888', '2015-06-30 13:30:00', '2015-06-30 17:30:00', 'CAR-8888', 
'0', '3333333', '2', '2', null, '2015-03-20 10:16:00'),
('1406115958', '9999999', '2015-06-30 13:30:00', '2015-06-30 17:30:00', 'CAR-9999', 
'1', '9999999', '1', '3', null, '2015-03-20 10:18:00');

select * from servidor;
select * from veiculo;
select * from reserva;
